item_id,similar_item_id,cosine_similarity
2,227,0.9134981456522788
6,8,0.902894130233643
6,27,0.9011488167469179
6,126,0.9151201551526627
6,155,0.9025831730237439
6,201,0.9068757515165845
6,237,0.9009161453078742
6,276,0.9102552481102072
6,338,0.9080831537039495
6,358,0.902540203648499
6,480,0.9238410946067375
6,481,0.9186048223343117
6,619,0.91971726582526
6,624,0.9026172563582099
6,639,0.9074152109799657
6,673,0.9057104356321952
6,747,0.9037944583124458
6,958,0.9140755990419785
6,961,0.9003467200536003
6,1048,0.9001526701452998
6,1154,0.9302197132577925
7,13,0.9048523443467212
7,66,0.905531647449714
7,122,0.9166598522977716
7,144,0.9026755267458414
7,151,0.9068206185008454
7,202,0.9027620173562317
7,233,0.9127422093879154
7,237,0.9077354937212259
7,242,0.9167289879041751
7,265,0.9083221072432901
7,358,0.9337234856141752
7,372,0.9078128427081842
7,457,0.9011032349439559
7,466,0.9172629432637517
7,473,0.9104960622025315
7,562,0.9081339951843186
7,708,0.912241176796502
7,821,0.9003835661328686
7,1017,0.9148144495515333
13,37,0.901313852181081
13,77,0.9011141096034094
13,87,0.9238471623292963
13,89,0.908718706618875
13,97,0.9002543284396091
13,151,0.9168994683167848
13,222,0.9085092219192544
13,358,0.9126603495285909
13,480,0.9064848815480705
13,481,0.9203382752811974
13,497,0.9070615447894402
13,542,0.9109269058338603
13,562,0.9157016666111989
13,605,0.9014986990159874
13,623,0.9040625374550888
13,639,0.9058331463094759
13,658,0.9040422713151983
13,782,0.9055415380212004
13,784,0.9007782530184327
13,1017,0.9165696393163599
22,1323,0.9015139380486921
23,312,0.9071982489920968
23,802,0.9062385032855248
27,37,0.9061906836005925
27,101,0.9073601554829661
27,201,0.9037996950275545
27,303,0.9065552687862837
27,658,0.9112073804277556
27,1017,0.9139507013421013
32,33,0.9231845863582893
32,76,0.9109160668920866
32,175,0.9091037261701735
32,201,0.9002197112939483
32,274,0.9032106473311979
32,278,0.901536560940173
32,327,0.907346121147078
32,358,0.9291970626740842
32,551,0.9025754903718809
32,562,0.9080762337971311
32,658,0.9029843466650394
33,92,0.9046245617106248
33,167,0.9017474028742847
33,358,0.9031669398638849
33,897,0.9049056513090661
34,54,0.9045708950839078
34,106,0.9023053038970525
34,276,0.9006788600303235
34,334,0.9125096485630878
34,358,0.9036391113109944
34,441,0.9217997780014701
34,486,0.9085212897454359
34,562,0.9017872191477189
34,658,0.9151851933419324
34,688,0.9049103680630413
34,857,0.9115780602574308
34,868,0.9139143196402983
34,897,0.9175624068538878
35,231,0.9029924153427203
35,448,0.9131568690143208
35,553,0.900196220983661
37,67,0.9089444861459289
37,101,0.9221495717391333
37,111,0.9068577383209978
37,155,0.9284068460259592
37,175,0.9089150258089004
37,201,0.9031364219710848
37,202,0.9137518607488101
37,222,0.9135263682150931
37,227,0.9263539000440391
37,276,0.9047157457628868
37,285,0.9132026213051041
37,300,0.9024463041782562
37,304,0.9207792157317509
37,318,0.9062286159857117
37,321,0.9017706297265743
37,327,0.9257131679553227
37,358,0.9070714790017818
37,407,0.9033558219919265
37,433,0.9209380695392118
37,450,0.902700361870075
37,453,0.9062933411521771
37,480,0.9032643255608896
37,497,0.9039681188970642
37,513,0.9056329532854955
37,538,0.9108199170904533
37,542,0.9167246611527234
37,562,0.927605817262668
37,585,0.9179437205298935
37,588,0.9037555516530242
37,623,0.9356660206537757
37,630,0.9052206029389102
37,696,0.9182660064686198
37,754,0.9097339697462786
37,768,0.9139891806839991
37,862,0.9022505172673148
37,868,0.9142393760285322
37,889,0.906813919914465
37,897,0.9014132825905236
37,1017,0.9116522056709478
44,480,0.9054135531056474
47,1017,0.9047212363872154
48,481,0.9162330282606247
48,574,0.9030044916533386
48,974,0.9038885740469539
48,1017,0.9029149379016004
53,318,0.9192435267354805
54,385,0.9039953182598078
54,980,0.902716199809257
55,137,0.9013278986169807
55,673,0.9026042466906884
57,66,0.90745741594544
59,182,0.905591549304655
59,1017,0.9099381286434263
61,358,0.9076354661464682
61,1017,0.9057255677777077
63,321,0.9137190360667643
63,489,0.9031108581660066
63,1437,0.9018996850172473
66,74,0.9005208358663832
66,100,0.9158072922071088
66,102,0.9152667611753554
66,120,0.9048115590835285
66,167,0.9068328135981705
66,212,0.9142318415410361
66,240,0.9087023394689384
66,358,0.9100407144598959
66,937,0.9131645760990145
66,1586,0.9076085018686832
67,90,0.9042985845260022
67,222,0.9195864075687772
67,551,0.9051909115753715
67,562,0.9071917205659791
67,696,0.9019696782076592
72,167,0.9000094777954419
74,237,0.9158179502767683
74,358,0.9003090769321205
74,562,0.901376816097347
74,1017,0.9025004253856779
76,92,0.9020998586296087
76,99,0.9105903855716467
76,358,0.9225309641579797
76,477,0.9139123603166707
77,87,0.9043394911080889
77,113,0.9182882057347403
77,158,0.9022378938929345
77,192,0.9055427427163771
77,294,0.9014268669684445
77,303,0.9151664295327977
77,574,0.9001104885427467
77,784,0.9239559701457483
77,1017,0.9087970555034144
79,1157,0.9088338557734841
82,658,0.9004782784546232
82,735,0.9006000264573316
83,202,0.9051579852054105
83,212,0.9025560898387512
83,348,0.9021670206055541
83,381,0.9079082542475971
83,970,0.9018631786483952
84,202,0.9040182084380253
84,623,0.9022247543355236
87,151,0.9232293376302091
87,152,0.9035388298979127
87,274,0.9020959905385177
87,481,0.9011058351798994
87,658,0.9012649033865413
87,673,0.9120368070368678
87,784,0.9008068859936923
87,1017,0.93075298655402
87,1374,0.9082173066935071
87,1375,0.9126553214335835
89,623,0.9042297374659086
90,101,0.9040725172134348
92,167,0.9089682166750668
92,201,0.9259737885800123
92,202,0.9145158936607695
92,255,0.9018747649302686
92,308,0.9014886200722594
92,322,0.903156231744596
92,330,0.9142554289300064
92,348,0.9184241598901677
92,358,0.9234944663509284
92,453,0.9018701732704788
92,477,0.9162208400320311
92,481,0.9183876154098325
92,562,0.9155724982705438
92,613,0.9049656272956117
92,630,0.9004899443357225
92,1017,0.9229086520920426
95,202,0.9036042673373343
95,362,0.9038406767344851
95,885,0.9115817151400913
95,1628,0.9043116448502361
97,358,0.906149425238786
97,477,0.9192022479679235
97,481,0.9023230219397977
97,587,0.9003271463415469
97,950,0.9010649431358356
98,202,0.9012163475883046
100,115,0.902801417484826
100,167,0.9218298105832948
100,198,0.905991980566258
100,202,0.9087890947551117
100,226,0.9022555604320025
100,233,0.9041156836612687
100,255,0.9081346913161509
100,358,0.9033268218679961
100,365,0.9090492908965189
100,625,0.9009597842259147
100,694,0.9041155115906704
100,844,0.9094777712910134
100,1362,0.9060758117460515
100,1460,0.9067310158531461
100,1521,0.9025472364875549
100,1682,0.9000200812379932
101,327,0.9095909144380796
101,513,0.900968880636635
101,623,0.9020133731154537
101,754,0.9082306054971593
101,768,0.906525596075245
102,474,0.9075130005835631
102,562,0.9076481112030386
102,601,0.9058412485552474
102,865,0.9052376319775182
106,233,0.9011380782744386
106,312,0.9192038305001172
106,358,0.903311573078244
106,457,0.9070141049434511
106,501,0.9038556377214495
106,613,0.9141191492792141
106,1039,0.9016064386696258
110,334,0.9049336594190391
111,542,0.9007885365371228
111,623,0.9021436532566875
111,673,0.9006745014444476
111,754,0.9046107640296109
112,274,0.9012590477915833
112,378,0.902258430508192
113,542,0.900344387698046
113,802,0.9058407429089675
115,180,0.9032365593511856
115,298,0.9019208724179574
118,141,0.9138201480887485
119,151,0.9043756244548835
119,477,0.9061730997418043
119,624,0.9039615626350729
119,950,0.908494991940141
119,970,0.9044816038625578
121,151,0.9026000192513456
121,167,0.9132567488752549
121,1048,0.9014763573592404
122,784,0.9005263622476021
126,155,0.9046504435833631
126,201,0.9120158631568394
126,237,0.9040498342132519
126,274,0.901162108191187
126,424,0.900602604145362
126,481,0.9058609930032759
126,493,0.9061639347754831
126,562,0.9027413144137926
126,623,0.9031018474502098
126,658,0.9026425258126455
126,673,0.9122807314661111
126,696,0.9002565043289509
126,730,0.9101178660236505
126,868,0.9002593181205348
126,1444,0.9161447341684019
136,784,0.9245808961635409
141,694,0.9013548789637478
141,1586,0.9142643373004801
142,183,0.9054520364688368
144,233,0.9099816990000235
144,358,0.910283776346597
144,391,0.9021055263826723
144,1039,0.9022174270359596
147,198,0.9011392959489141
151,167,0.9175915984855979
151,202,0.9083332614210983
151,237,0.9013054085336969
151,248,0.9047393009921622
151,261,0.9021573714283151
151,276,0.9120003867913513
151,358,0.9047520615139828
151,410,0.9091705629508418
151,474,0.9024974059825047
151,481,0.9107386831301324
151,639,0.9159534103877147
151,1017,0.909760108675993
151,1020,0.907206538616939
154,243,0.9021495137777807
155,202,0.9135656038120388
155,227,0.9248650589556041
155,338,0.9148500780579237
155,433,0.9116982592731363
155,461,0.9073405746946318
155,507,0.9110908823074244
155,538,0.9203875418060432
155,542,0.9026579988957694
155,623,0.9209939069420818
155,639,0.91140268791995
155,1109,0.901054420125934
156,348,0.90857923485282
156,358,0.9042253597074472
162,318,0.9089838485576779
162,358,0.9132046821916129
162,587,0.9047265554085678
167,202,0.9361554009273266
167,204,0.9050439493286324
167,212,0.9133129938793433
167,255,0.9223519368978634
167,358,0.9090477880048271
167,366,0.9008709218840969
167,481,0.9110452960435584
167,562,0.9048196980252496
167,566,0.9041347517813544
167,1017,0.905728123163048
171,327,0.9012600162821456
173,529,0.9012023666681244
173,558,0.9063930420124846
175,209,0.9046123548619738
175,432,0.9186441479934847
175,542,0.9113364002094713
180,980,0.9030318358085484
181,497,0.906892982503094
183,190,0.9050870582681764
183,265,0.9016900893186632
183,358,0.9037305858533826
183,434,0.9115030121712467
183,472,0.904746768282805
189,443,0.9174743287958284
189,688,0.903021636937126
190,212,0.9015929107854824
190,241,0.9020970134851954
190,308,0.9153323266527463
190,327,0.9011961637260882
190,572,0.9057995107021747
192,562,0.9076119235170399
192,802,0.9038714025354255
198,255,0.9102753859911727
198,562,0.9068284735622487
198,1572,0.9028548471596041
201,222,0.903445043153932
201,227,0.9001604442672587
201,254,0.9079315968820133
201,274,0.9210529377197854
201,276,0.9181048244798143
201,318,0.9076860321321228
201,346,0.9027346451365408
201,358,0.9089005342371851
201,481,0.9046807793915991
201,562,0.9391629821909385
201,696,0.916061660185678
201,1017,0.9336899038798792
201,1551,0.918432175579232
202,208,0.9081524736708954
202,212,0.9106430557279367
202,233,0.9032161964224452
202,255,0.9139551194779292
202,272,0.9020250404117459
202,308,0.9135957740970888
202,315,0.9088151258082295
202,357,0.9173950278214021
202,358,0.9023555148665237
202,481,0.914264171824506
202,502,0.9153490643705314
202,542,0.9005010805168948
202,562,0.9001265858750971
202,623,0.9307314889457571
202,630,0.9116865023227875
202,639,0.9028632472503867
202,830,0.9049971423671124
202,885,0.9106100647485661
202,897,0.908018557232505
202,909,0.908147122802976
202,949,0.9106790012168164
202,958,0.9147194637475704
210,1093,0.9019403813676877
212,358,0.9071601553002976
212,481,0.9301795469586235
212,566,0.9042053473659353
212,708,0.9014953744168761
212,1017,0.9051254857129625
218,318,0.9040013404882037
218,402,0.9001279942454091
218,476,0.9004302498417807
218,488,0.9055695952389562
218,551,0.9069829330722704
218,655,0.9145564887362049
218,819,0.9080214097536741
218,897,0.9081060790788703
218,1572,0.9145491427201813
219,304,0.9034455554029605
219,358,0.906475142298075
219,1017,0.9071275462444602
222,227,0.9046814611945024
222,308,0.9014594870856706
222,475,0.9046933850697302
222,497,0.9008574414491242
222,562,0.9179887399117977
222,696,0.9144680114686923
222,897,0.9035738638866457
222,1411,0.9063850352254137
226,321,0.9064626402610252
226,355,0.9093276886687397
226,362,0.9000287082257951
226,481,0.9068701179028584
227,262,0.9158734269743896
227,365,0.9064090267838455
227,410,0.9105828046410168
227,433,0.9050188362441404
227,453,0.9076077108464914
227,509,0.9161096184565499
227,538,0.9299083693309461
227,562,0.9072940458962313
227,585,0.9097026459549792
227,623,0.9184001460112349
227,784,0.9097002073184896
227,1017,0.9040757650974688
227,1415,0.9023440450689137
232,457,0.9015647539676441
232,658,0.9014974195539909
232,897,0.909707108507002
233,255,0.9088224120634134
233,308,0.9062095448605026
233,358,0.9209311643744037
233,480,0.9079394034922346
233,481,0.9273572410896582
233,560,0.905059152788456
233,613,0.9057532942329014
237,278,0.9142823619939957
237,358,0.9047965652748725
237,466,0.9023872096642132
237,639,0.9090529789475426
237,673,0.9087337378461365
239,868,0.9131680855896315
240,272,0.9122328986973172
240,862,0.915058750057516
240,909,0.9008450997272555
240,1411,0.907886872667698
241,754,0.903384605184786
241,768,0.9048282749988692
241,868,0.9082191837877219
242,457,0.9051827810643573
242,480,0.9113177482758564
242,481,0.912203182873724
242,1188,0.9083050621035619
245,897,0.9147356863792002
248,276,0.9053728664269385
248,437,0.9073748305346953
254,304,0.9103391449200297
255,358,0.9005136929841988
255,390,0.9019295862596796
255,481,0.9316440807129194
259,572,0.9296420658007182
260,658,0.9028986126463269
261,461,0.9041599386951293
261,542,0.9063216872914385
262,623,0.9094604039935241
265,298,0.9161534881792026
265,358,0.9140731539655778
265,542,0.9004530351630814
265,562,0.9128623744014641
272,502,0.9137531716830924
272,696,0.9025545587419322
272,909,0.9073624067750671
272,1675,0.9009139285734622
274,318,0.9091825093819522
274,358,0.9143835227429565
274,433,0.905200454609106
274,480,0.9100582015810205
274,481,0.9173989776272169
274,507,0.932100094370426
274,562,0.932396509237141
274,658,0.9081381102221776
274,1017,0.9052911079980606
276,304,0.9012225489976919
276,474,0.9224030225344032
276,480,0.9146277371895414
276,661,0.9058061281432515
276,1374,0.9000640798309681
277,358,0.9073719375609207
277,673,0.9170915596018689
278,308,0.9035397247423281
278,358,0.9116737817023295
278,613,0.9022923946902337
278,639,0.9065496900127366
278,658,0.9013465958914346
278,694,0.905388602903265
278,844,0.9136747968777534
278,857,0.9022261041497925
284,453,0.9049756130567747
294,303,0.9073135928870949
294,1017,0.9003590261231821
294,1154,0.9314280112518771
297,857,0.9030062902253458
298,334,0.9008934639907479
298,358,0.9122791495750592
298,562,0.9104048259331977
298,601,0.9012600521401111
301,623,0.9080456964355607
303,321,0.9013125056277801
303,1017,0.9187674229366188
304,585,0.9022096454604165
304,696,0.9033369374512004
304,1017,0.9153568733085145
307,481,0.9038901844028977
308,560,0.9257146092312873
308,570,0.9136963280892548
308,909,0.9001079812389366
308,1362,0.9094804248033871
308,1427,0.9132530422725018
310,562,0.9076640172230298
312,358,0.9017706316208755
312,445,0.9035048713021895
312,457,0.9097303795018236
312,613,0.9153235153653961
315,1188,0.9021350226861173
318,358,0.9180768923625281
318,551,0.9015042676853474
318,562,0.9200042276719869
318,1148,0.9013631699958037
318,1557,0.907274382779875
319,1154,0.9148808719544701
327,338,0.90062381799402
327,433,0.919533942554712
327,488,0.9226349841328834
327,551,0.9221027008625207
327,897,0.9074952059867701
330,650,0.9139248253802147
334,448,0.9043086399464796
334,562,0.9240086853232071
334,623,0.9017848828591791
334,639,0.9052686160896573
334,749,0.9065101023948111
334,868,0.9031844500737647
334,897,0.9003336441382018
334,1127,0.9138714937308406
338,358,0.9261918607167231
338,428,0.9107470045805447
338,433,0.904978529853906
338,613,0.902482932259486
338,1154,0.9063907609465118
339,358,0.9189819324413464
346,358,0.911287136476542
346,1017,0.9000761631913292
348,358,0.9255853860547982
348,779,0.9030169391850082
349,958,0.900634501583934
351,673,0.9005164622727491
352,768,0.9006158864541517
356,752,0.9005518717082549
357,623,0.9164371496431482
357,630,0.912064326363708
357,909,0.9020329520437429
357,1413,0.9035871435992145
358,367,0.9038106953327895
358,391,0.9207562578743838
358,457,0.9203370294172933
358,477,0.9038603621628002
358,480,0.9076305151645618
358,481,0.9185735152701997
358,497,0.9000918702227517
358,546,0.9085330856935758
358,558,0.9045023761730888
358,562,0.9294440460420513
358,566,0.9046522537342702
358,601,0.9039428967012447
358,613,0.9232936912612641
358,636,0.9195634775228837
358,706,0.9037821153983386
358,779,0.9135157837679238
358,821,0.9001506307407772
358,857,0.9166395423488267
358,862,0.903387359951142
358,897,0.9024669787570047
358,982,0.9008876750230881
358,1017,0.9302360054874397
358,1174,0.9015707956888657
358,1306,0.9044282155773524
358,1572,0.9140042924920124
358,1586,0.9098113428645613
358,1604,0.9031532142618541
358,1620,0.9067173965673108
358,1628,0.9005596458254909
365,538,0.9002874229665643
365,1148,0.9025118075087739
365,1415,0.9001093282740324
367,477,0.9021914826566974
367,613,0.9039544826501643
367,1628,0.9006577285746338
369,759,0.9029611902756548
372,630,0.9050477914063981
372,819,0.9258361618148268
372,1444,0.9021329659690402
376,802,0.9017270490895558
376,1039,0.9056507911111112
378,529,0.900499571218303
381,1628,0.9200664950351354
391,835,0.9106450154558736
409,802,0.9005364783971078
410,461,0.901504499775318
432,562,0.9171961835128818
432,784,0.9030732680052118
432,1407,0.9027159484023677
433,481,0.9019521845743311
433,1659,0.9215034383138081
434,585,0.9019004419797125
434,1017,0.9039882835461198
437,481,0.9001536730763197
440,546,0.9091485632482823
440,1174,0.9255848146865174
440,1306,0.9250485342368404
440,1336,0.9253855508766694
440,1343,0.9031508039916696
440,1405,0.920029182623773
440,1419,0.9293596063639356
440,1489,0.908611003097492
440,1522,0.9245412993206732
440,1526,0.9271251331658427
440,1527,0.9004581807530956
440,1573,0.9243740287725823
440,1585,0.9178867006369625
440,1611,0.9195488509700688
440,1612,0.9273868437953106
440,1634,0.9292447380209903
440,1646,0.9118769935277222
440,1656,0.9139323605884228
448,658,0.9085198776114917
448,784,0.9072177869329257
448,1017,0.9015006867239083
450,623,0.9050400646898649
450,1324,0.9087130572099885
453,784,0.9253326017386696
453,1017,0.9178816896173271
466,844,0.902677195833078
466,857,0.9097347503577005
466,943,0.9167658339885764
470,857,0.9040693919466012
475,623,0.9057564826923302
475,980,0.9003642569077134
477,507,0.9003257542919779
477,613,0.9172767133043892
477,658,0.9017298696931607
477,821,0.9031666733530818
477,950,0.9053992024711747
477,1017,0.9090566247744215
480,481,0.9087504013774456
480,493,0.9025228634945475
480,605,0.9027738112727048
480,613,0.904152920946552
480,730,0.9004896787203811
480,751,0.913620313255056
480,844,0.902370484881933
480,1188,0.901327547998862
481,501,0.901111464057681
481,562,0.9228271102387466
481,587,0.9210104778862056
481,605,0.9101920617381262
481,619,0.9062671018059343
481,623,0.9070750629393306
481,658,0.9025020513440548
481,688,0.907739468981454
481,782,0.9006299600065071
481,974,0.904651996339388
481,1017,0.9254848207444243
481,1154,0.9124073419222749
488,551,0.9022450252776746
489,542,0.9128658236187417
497,542,0.9088182159273868
497,551,0.9023457096780522
497,630,0.9011322645480743
497,754,0.9067891111482864
501,609,0.9087464038757139
501,613,0.9027494351490596
501,655,0.9166409183383185
501,673,0.9104025399898932
501,754,0.9031316718010023
501,782,0.9028003922569041
501,1572,0.9014926182864617
502,857,0.9163243778439689
503,1362,0.9220222239674543
507,897,0.9090688448456309
509,784,0.9152100752273044
513,1362,0.90537670995978
529,694,0.9149264872909911
531,558,0.9065906063742568
532,974,0.9089761907529269
538,542,0.9010279682536596
538,623,0.9125788986475987
538,639,0.9107115325233776
539,658,0.9006664323821527
542,553,0.9068359733143908
542,562,0.9004349857352583
542,623,0.9200165211071055
542,630,0.9077441731086809
542,639,0.9134077699520506
542,754,0.9036180906828915
542,784,0.9106561130677814
546,1174,0.9060031211788901
546,1219,0.9112048391014668
546,1299,0.912234516078357
546,1306,0.9081145627432293
546,1336,0.9101288772285347
546,1343,0.9064476602139406
546,1369,0.9110489501946109
546,1394,0.9197365453964251
546,1397,0.9079904342229365
546,1401,0.9021044724731205
546,1405,0.9186183010123714
546,1419,0.9439266143358663
546,1424,0.9214552010724916
546,1432,0.9181467332086931
546,1471,0.9229495983796338
546,1477,0.9281422280755234
546,1485,0.9326364922203221
546,1489,0.946954645550578
546,1512,0.9444872044168554
546,1522,0.9200117333959513
546,1525,0.932187494600989
546,1526,0.9162986917918801
546,1527,0.904693747151863
546,1546,0.9127230344803435
546,1573,0.9363633646443735
546,1585,0.9047691765686557
546,1611,0.9173990786647118
546,1612,0.9234155871750864
546,1634,0.9441527535555679
546,1646,0.9232213399384697
546,1656,0.9245438451083676
546,1658,0.9114402441400457
547,623,0.910219721601856
547,782,0.9029340145718562
551,562,0.9079859160744285
553,648,0.9026364238485575
554,560,0.9049441299813032
558,658,0.9071592510332943
558,802,0.9053939535166354
562,623,0.9161226554103179
562,630,0.9147548545211364
562,658,0.9090180871032572
562,673,0.9008192661707297
562,688,0.9067227215701782
562,696,0.9146892402557085
562,784,0.9060946057507677
562,868,0.9168784106822937
562,1017,0.9395804434671161
562,1148,0.9081623332539753
562,1309,0.9002538215083179
562,1444,0.9071749678929067
562,1572,0.9013183288615765
566,1530,0.9047636618883997
572,623,0.9260941570922796
572,650,0.9070631907773824
572,678,0.9026375840769797
574,1017,0.9028544516139577
585,747,0.9030614221235945
585,1309,0.9026087616026519
587,648,0.9072870581908918
591,784,0.9074006173809219
605,623,0.9018792690571391
605,782,0.9019010607055783
613,641,0.9232571681253152
613,658,0.9067187187348222
623,630,0.9086888551506314
623,639,0.9024302282687989
623,768,0.9081774186423842
623,958,0.9076951307609832
623,1309,0.9009380958990595
625,846,0.979581663288602
625,872,0.9587197702157844
625,930,0.9784568279435122
625,1222,0.964844795445395
625,1284,0.9700836425210536
625,1300,0.9664123147116744
625,1421,0.9539134845828985
625,1425,0.9682371076331804
625,1438,0.9493856991654771
625,1460,0.9840547810101674
625,1489,0.9002768006845823
625,1530,0.9663330715018149
625,1573,0.9094275051652051
625,1626,0.9784549583370207
625,1653,0.9567289047179015
625,1658,0.9085636019326353
625,1663,0.9797084104887184
625,1665,0.952897992688088
625,1666,0.9735583615183306
630,673,0.9066015956442819
630,897,0.9082427675574013
630,1148,0.9004689840421289
639,857,0.9006025133519816
655,658,0.9105650488010952
655,673,0.9083173194043085
655,754,0.9022053488827607
655,1323,0.9000591180850951
655,1628,0.9082726637691128
658,755,0.9040331923658841
658,868,0.9000632651026658
658,1017,0.9311900881917992
661,1010,0.9074377775429511
661,1506,0.9024606156588973
673,754,0.9155845287125259
673,974,0.9004959178997941
673,1108,0.9139878855775186
673,1154,0.9056612520497763
674,829,0.9004641608841727
688,1017,0.9028429653390992
696,819,0.9087793382955435
696,888,0.9002505331731084
696,1017,0.9077889921934185
696,1444,0.9060535790095412
704,897,0.9044259846919211
704,909,0.9033182764261821
735,857,0.903759915282747
751,1188,0.9094911421144041
754,768,0.9144400372074004
754,868,0.9016925048936661
755,868,0.9035179233263819
768,868,0.9115505880021515
784,865,0.9055462633527578
784,1017,0.9085880388115075
784,1148,0.9013962953034251
784,1154,0.9001294191183096
784,1362,0.9034271570941468
819,958,0.9002458436820484
821,1017,0.9140856678658109
829,1550,0.9047888195668983
844,1553,0.9197663098651735
846,872,0.9734785803806482
846,930,0.9892110540484083
846,1222,0.9787922625975106
846,1284,0.9750047229516999
846,1300,0.9719799310218178
846,1333,0.9233501978132226
846,1421,0.9738419693830263
846,1425,0.9788387459436309
846,1438,0.9657242263924728
846,1460,0.9817463914816598
846,1530,0.9760832517292993
846,1626,0.9785861291298239
846,1653,0.9672965637984358
846,1663,0.9908642399197574
846,1665,0.9566175248655693
846,1666,0.9782067446183569
857,868,0.9088315190631681
857,897,0.9101114033287069
865,1010,0.905113998292069
868,897,0.9129644463954727
868,909,0.9076031985690576
872,930,0.9747336142333102
872,1222,0.9625777330940053
872,1284,0.9522817031681562
872,1300,0.9468542969303627
872,1421,0.9572658756583566
872,1425,0.9699929550065209
872,1438,0.9272914010421965
872,1460,0.9663255000449374
872,1530,0.9713685551931991
872,1626,0.9761212389371556
872,1653,0.9681059350104912
872,1663,0.9711441534335498
872,1665,0.9345840831431689
872,1666,0.9601465462446105
897,909,0.9012367112932878
897,1240,0.9052815150178884
908,1555,0.9033978642552583
908,1627,0.9236017996007913
930,1222,0.9778960388704342
930,1284,0.9795990393802264
930,1300,0.9776484987713147
930,1333,0.9168944393922449
930,1421,0.9812067601226463
930,1425,0.9785699333111083
930,1438,0.9523257968079012
930,1460,0.9805077945381672
930,1530,0.9727379368806195
930,1626,0.9785687269108598
930,1653,0.9670749532251001
930,1663,0.9821765219634995
930,1665,0.9551632934091201
930,1666,0.9810603563405501
992,1605,0.9095948665990101
1017,1306,0.9076570588656866
1017,1375,0.9228939024622935
1017,1551,0.9040048363676166
1017,1566,0.9012946203617904
1021,1037,0.9095076533296588
1026,1322,0.908438350612957
1026,1478,0.9142678125863329
1026,1553,0.9205040059780547
1031,1599,0.9214696334459952
1037,1651,0.9087091000543933
1048,1415,0.9021718593787371
1141,1416,0.9362771681834414
1141,1463,0.9075850240288155
1141,1464,0.9256938475619733
1155,1511,0.9064959136085589
1174,1306,0.9042403081165435
1174,1369,0.9005483987546709
1174,1405,0.9285049556441289
1174,1419,0.9194755980898653
1174,1424,0.9125864868483606
1174,1432,0.9013415079872359
1174,1471,0.9242474624844986
1174,1477,0.9181876419820266
1174,1489,0.9266636507136704
1174,1522,0.92264666171883
1174,1526,0.9479517640199989
1174,1573,0.9163587200018857
1174,1612,0.9139500391708256
1174,1634,0.9336402435967257
1174,1646,0.9096820929738422
1174,1649,0.9179641817284248
1174,1656,0.9203534068623331
1205,1297,0.9026169377116431
1205,1635,0.9053431735000372
1219,1299,0.9007395381567956
1219,1306,0.9135915066281041
1219,1336,0.9189646032185811
1219,1394,0.9373239083616668
1219,1405,0.9259496071019342
1219,1419,0.9293507569014597
1219,1424,0.911683511262169
1219,1471,0.9068779843259487
1219,1477,0.9030840786786624
1219,1485,0.9303688273928367
1219,1489,0.9327634666379367
1219,1522,0.9095466808686007
1219,1525,0.9249070362674052
1219,1526,0.9139260223603398
1219,1527,0.9103769902321328
1219,1546,0.9111709123968078
1219,1558,0.920806768155315
1219,1573,0.9235045445720717
1219,1585,0.915314734290315
1219,1611,0.9620719658959728
1219,1612,0.936932454752848
1219,1634,0.9263469139026057
1219,1646,0.9166354589988918
1219,1656,0.9279762098460597
1219,1658,0.9040574067955224
1222,1284,0.969878607910289
1222,1300,0.9626210924784823
1222,1421,0.9551387733895633
1222,1425,0.9736317564384741
1222,1438,0.9463407441918854
1222,1460,0.9733293110207736
1222,1530,0.9628833829113503
1222,1626,0.9679909916378435
1222,1653,0.9728147478915861
1222,1663,0.9772682703962268
1222,1665,0.9546470815814238
1222,1666,0.9761857020099262
1243,1292,0.9137496888482697
1250,1389,0.9279699856269902
1284,1300,0.9641679816054182
1284,1421,0.9662173055509342
1284,1425,0.9708462542835378
1284,1438,0.9390668143216739
1284,1460,0.9735855522387022
1284,1530,0.9630817062078916
1284,1626,0.9688310268965022
1284,1653,0.9699009782100457
1284,1663,0.9695661336008679
1284,1665,0.9612770463927935
1284,1666,0.9878110579868247
1297,1635,0.9047670806546753
1299,1336,0.9007685539708251
1299,1343,0.9338993490160868
1299,1369,0.9242823407056506
1299,1394,0.9401675860412884
1299,1397,0.9556050456663888
1299,1401,0.9107533246957225
1299,1405,0.9420571948134291
1299,1419,0.9651272472954063
1299,1424,0.9260896436814574
1299,1432,0.9293215548398251
1299,1477,0.9112356736902609
1299,1485,0.9238243201880515
1299,1489,0.9341650380417362
1299,1512,0.9395824226421409
1299,1522,0.9524922614506168
1299,1525,0.9376459735877917
1299,1526,0.9252948229764852
1299,1558,0.940453147872345
1299,1573,0.9494869061272384
1299,1585,0.9064138213171374
1299,1611,0.9236384746158838
1299,1612,0.9409773955041544
1299,1634,0.9339536172898639
1299,1646,0.9279086171914509
1299,1649,0.9027796810350828
1299,1656,0.9258941100097726
1299,1658,0.9054395557073043
1300,1333,0.9246492039030132
1300,1421,0.9629887939755896
1300,1425,0.960868074407566
1300,1438,0.9526086949153564
1300,1460,0.961529416513617
1300,1530,0.963648716330647
1300,1626,0.9617555074007457
1300,1653,0.9474636034558109
1300,1663,0.9717473937918776
1300,1665,0.9395850297963234
1300,1666,0.9724860743908861
1306,1336,0.9156835320226918
1306,1343,0.9201504602536739
1306,1369,0.9269407426966861
1306,1394,0.9455170972388133
1306,1397,0.9146193292866283
1306,1401,0.9043292278680084
1306,1405,0.9221452071834393
1306,1419,0.9328668666232659
1306,1424,0.9159620129373951
1306,1432,0.9133058374048101
1306,1471,0.904825136652018
1306,1477,0.9187088918166981
1306,1485,0.9379416537246292
1306,1489,0.9207767163470252
1306,1512,0.9052741999292645
1306,1522,0.928744248227432
1306,1525,0.9294805379686633
1306,1526,0.9202478990430313
1306,1527,0.9087508925285623
1306,1546,0.9263593549677981
1306,1558,0.9161795885991287
1306,1573,0.9391618705344196
1306,1585,0.9200027929768165
1306,1611,0.9526478859211686
1306,1612,0.938325543244072
1306,1634,0.9354330062776512
1306,1646,0.9287330089124934
1306,1649,0.9002925012325643
1306,1656,0.9529061878828958
1306,1658,0.9028728774296807
1322,1372,0.915590277540135
1322,1478,0.9321706873036747
1322,1503,0.9607938501696939
1322,1511,0.9458977556660085
1324,1586,0.9040815952348655
1327,1672,0.9320537070779732
1333,1438,0.9185304747012543
1333,1663,0.9246236440356325
1336,1343,0.9154339508864758
1336,1394,0.939131519901451
1336,1397,0.9352132411411194
1336,1401,0.9027475009847328
1336,1405,0.9272474902757885
1336,1419,0.9443377367315692
1336,1424,0.9177569471809872
1336,1471,0.9208569728289591
1336,1477,0.903463506186766
1336,1489,0.9544961571015187
1336,1512,0.9047665067422145
1336,1522,0.9496465367845216
1336,1525,0.9089987640691944
1336,1526,0.917770947551704
1336,1546,0.9279935050850919
1336,1558,0.9388475466287035
1336,1573,0.9568178236615655
1336,1585,0.9182394210452589
1336,1611,0.9341674438676032
1336,1612,0.9625060479435507
1336,1634,0.9394534871208763
1336,1646,0.9057354676778221
1336,1656,0.9305925359858351
1336,1658,0.9625586180718094
1340,1487,0.9025779603400255
1343,1369,0.9311728150425436
1343,1394,0.9334663772996525
1343,1397,0.9532687805384642
1343,1401,0.9075651624626084
1343,1405,0.941065753233508
1343,1419,0.9623710061175166
1343,1424,0.912421278431915
1343,1432,0.9280632045038284
1343,1471,0.9294271311810488
1343,1477,0.915784011332867
1343,1485,0.9082496144827776
1343,1489,0.9361408200818143
1343,1512,0.9455831056381413
1343,1522,0.9567367942011146
1343,1525,0.9298380645407587
1343,1526,0.9363478340432337
1343,1527,0.9346513043116572
1343,1558,0.9464249500680126
1343,1573,0.9578819142090543
1343,1585,0.94464050221305
1343,1611,0.9258268714164604
1343,1612,0.9492945222952524
1343,1634,0.941602662456182
1343,1646,0.9094429065447284
1343,1649,0.9173607028720809
1343,1656,0.9208974155824657
1343,1658,0.9095085236646617
1352,1362,0.9042758805364851
1353,1622,0.902599876372439
1362,1566,0.9053179158622157
1362,1572,0.9058434649268716
1362,1605,0.9165440707666872
1362,1682,0.9002956819913411
1369,1394,0.912662368990414
1369,1397,0.9233502421881787
1369,1405,0.9233919577285481
1369,1419,0.9479296886328553
1369,1424,0.9273436589639908
1369,1432,0.9007196524479343
1369,1471,0.9051385892406164
1369,1477,0.9349366359636447
1369,1485,0.9023980189934748
1369,1489,0.9327908958101744
1369,1522,0.9204584194670457
1369,1525,0.9049393660121077
1369,1526,0.9337735125036114
1369,1527,0.9007912965140882
1369,1546,0.9190093806505596
1369,1558,0.9197008131398913
1369,1573,0.9228999851859393
1369,1585,0.9183351164580081
1369,1611,0.9254857055185798
1369,1612,0.9236821274331952
1369,1634,0.9395158177176812
1369,1646,0.9231942296991538
1369,1649,0.9199629753293149
1369,1656,0.9238260743001491
1369,1658,0.90907433544732
1372,1478,0.9333585170293665
1372,1511,0.9125199438675093
1372,1607,0.9003355703905839
1372,1669,0.9001921014709561
1375,1519,0.9031221146325553
1375,1551,0.9154371477086719
1394,1397,0.9431171274979864
1394,1401,0.9608210437158472
1394,1405,0.9392307214054049
1394,1419,0.9524105285909993
1394,1424,0.9229197349231779
1394,1432,0.9379903385655626
1394,1471,0.9234409863008569
1394,1477,0.9226872876209037
1394,1485,0.9336223292552092
1394,1489,0.9472797046584758
1394,1512,0.9313709123830668
1394,1522,0.9449273030647524
1394,1525,0.9455461424333143
1394,1526,0.9347546253075032
1394,1527,0.9083914603001094
1394,1546,0.9140280834603324
1394,1558,0.9355430332670327
1394,1573,0.9663228178902405
1394,1585,0.9296095414081385
1394,1611,0.9610796830682223
1394,1612,0.9613204356898478
1394,1634,0.9416094467347901
1394,1646,0.9422601952030125
1394,1649,0.9071653210281914
1394,1656,0.9500473501965386
1394,1658,0.9451627886601917
1397,1401,0.9358429037386952
1397,1405,0.9551832720377684
1397,1419,0.9584124853836675
1397,1424,0.9472875858472972
1397,1432,0.9571740238048194
1397,1471,0.9242183978360825
1397,1477,0.931460735023707
1397,1485,0.921459417700194
1397,1489,0.9487316816152813
1397,1512,0.9444822760468387
1397,1522,0.9761220476933014
1397,1525,0.952556641130703
1397,1526,0.9361195890894396
1397,1527,0.9115130482036652
1397,1546,0.9224504526049775
1397,1558,0.9505415317488723
1397,1573,0.971939413736825
1397,1585,0.9193781926230866
1397,1611,0.9412551796608989
1397,1612,0.9474176114167088
1397,1634,0.9576683842297614
1397,1646,0.9386781829343275
1397,1649,0.9358762621057306
1397,1656,0.9402719617810373
1397,1658,0.9339438019583406
1401,1405,0.9229325440872971
1401,1419,0.927561735250354
1401,1424,0.9152857154861607
1401,1432,0.9229210986962665
1401,1477,0.9145229990477921
1401,1489,0.9193602200480949
1401,1512,0.9168850856274325
1401,1522,0.9281477577983686
1401,1525,0.9306609529715035
1401,1558,0.9001654038160549
1401,1573,0.9373764071340218
1401,1611,0.9289853212250675
1401,1612,0.9250885384157789
1401,1634,0.9260111255469481
1401,1646,0.9200618405569737
1401,1656,0.9223977293332427
1401,1658,0.9152005755990376
1405,1419,0.9656181124717501
1405,1424,0.9497187486863756
1405,1432,0.9358435108052268
1405,1471,0.9271070418494867
1405,1477,0.932528208560464
1405,1485,0.9187255515771784
1405,1489,0.9567002348810622
1405,1512,0.9469332464854435
1405,1522,0.9660881916887178
1405,1525,0.9476709160677427
1405,1526,0.954247176147529
1405,1527,0.9279565300387329
1405,1546,0.9232262588991049
1405,1558,0.9369191816355495
1405,1573,0.9770849030115655
1405,1585,0.9471829699699609
1405,1611,0.9446936891633914
1405,1612,0.9495678886682909
1405,1634,0.9610864561938938
1405,1646,0.9389846152196704
1405,1649,0.9354080058531042
1405,1656,0.9630262352554931
1405,1658,0.930309242489486
1416,1464,0.913879740251603
1419,1424,0.9336043897574119
1419,1432,0.9354951327599244
1419,1471,0.9402585569039974
1419,1477,0.9407816579949652
1419,1485,0.9429461879300222
1419,1489,0.9610522820345963
1419,1512,0.962183212953413
1419,1522,0.9635144094114441
1419,1525,0.9495858266203447
1419,1526,0.961877096740651
1419,1527,0.938202969922439
1419,1546,0.9157435329697519
1419,1558,0.9536396059217864
1419,1573,0.9695365473155028
1419,1585,0.9570522566831632
1419,1611,0.9588733360546433
1419,1612,0.9740031388276822
1419,1634,0.9609527187249854
1419,1646,0.9403744375199541
1419,1649,0.9294844795038293
1419,1656,0.9477146583958409
1419,1658,0.9338731152397457
1421,1425,0.9593123656118887
1421,1438,0.9322212602728462
1421,1460,0.9613682917915342
1421,1530,0.9509191619573755
1421,1626,0.9606466997586457
1421,1653,0.9490779031810864
1421,1663,0.9665545465897646
1421,1665,0.9394019994297655
1421,1666,0.9699812648335869
1424,1432,0.9089586209663439
1424,1471,0.9447536170926244
1424,1477,0.9525708412605902
1424,1485,0.9229819386405907
1424,1489,0.9608350261641273
1424,1512,0.9333305248461052
1424,1522,0.9498565762440326
1424,1525,0.9338796051297761
1424,1526,0.9126785465561403
1424,1546,0.9326869426701961
1424,1558,0.9240937012796978
1424,1573,0.9612962675613917
1424,1611,0.926392878037692
1424,1612,0.9284569355168336
1424,1634,0.9479374834872929
1424,1646,0.9563386758313495
1424,1649,0.9115967856512243
1424,1656,0.9574699706586377
1424,1658,0.9329814635048653
1425,1438,0.9532770266572557
1425,1460,0.9780639432351957
1425,1530,0.9702306382586671
1425,1626,0.9726462509969129
1425,1653,0.9594911344809003
1425,1663,0.9732404367109959
1425,1665,0.9525591346926577
1425,1666,0.9732251183171774
1432,1471,0.9077318620297066
1432,1477,0.9224172294429744
1432,1485,0.9366852808922065
1432,1489,0.9249051574726548
1432,1512,0.9365100496598902
1432,1522,0.9585873001952616
1432,1525,0.9578550973153742
1432,1526,0.9292029819065605
1432,1546,0.9110755284616103
1432,1558,0.9250846871701884
1432,1573,0.9552259613342833
1432,1611,0.936797780987946
1432,1612,0.9360699525212083
1432,1634,0.9479448658238561
1432,1646,0.9275300692526556
1432,1649,0.9326253031667064
1432,1656,0.9449645052862556
1432,1658,0.9110416328893505
1438,1460,0.9471971242962358
1438,1530,0.9456589540268788
1438,1626,0.9393064720876144
1438,1653,0.9281688865295408
1438,1663,0.9523524285795776
1438,1665,0.9305340568236012
1438,1666,0.9407482841190701
1451,1657,0.9006886155996806
1460,1530,0.9673313539010487
1460,1573,0.9015994650731728
1460,1585,0.9128050622934151
1460,1626,0.9756488221395504
1460,1653,0.9708569331817678
1460,1663,0.9761590335312123
1460,1665,0.9593736437046319
1460,1666,0.9830389453727839
1463,1464,0.9262315138127666
1471,1477,0.9394176991386947
1471,1485,0.9480752565862887
1471,1489,0.9713648001595037
1471,1512,0.9532158272176171
1471,1522,0.9227905059576329
1471,1525,0.936572688657668
1471,1526,0.9317887234934927
1471,1546,0.9085046366746217
1471,1558,0.9262601990175156
1471,1573,0.9540278645469101
1471,1585,0.9035497467719598
1471,1611,0.9260672902608006
1471,1612,0.9266797682890722
1471,1634,0.9421519665458643
1471,1646,0.9107336642616256
1471,1649,0.9200873587712427
1471,1656,0.9207412875164804
1471,1658,0.9242465301030173
1477,1485,0.9278962002641298
1477,1489,0.9513226582855084
1477,1512,0.953176020483878
1477,1522,0.9361138853499602
1477,1525,0.9315808572817891
1477,1526,0.9083454118200993
1477,1546,0.9383552671181201
1477,1558,0.9071100307351423
1477,1573,0.9417203683193198
1477,1611,0.9286756459939985
1477,1612,0.9474439450649411
1477,1634,0.9393188637256226
1477,1646,0.9314620840464075
1477,1649,0.9027987755901519
1477,1656,0.938071512948421
1478,1511,0.9126595893347274
1478,1516,0.9006968659495806
1478,1553,0.9234758908119447
1478,1605,0.9088935177504904
1478,1607,0.9140873664532077
1478,1621,0.9226724012981848
1478,1631,0.9058765713442684
1478,1639,0.9216715962646626
1478,1669,0.904817299820145
1478,1682,0.9189736765436584
1485,1489,0.9468375270551995
1485,1512,0.948787591976186
1485,1522,0.9298105187190834
1485,1525,0.9627744387901962
1485,1526,0.9214867835906211
1485,1527,0.9021850334201522
1485,1546,0.9041853849614814
1485,1558,0.931078415828168
1485,1573,0.9384499981882309
1485,1585,0.9046883762849177
1485,1611,0.959940252637247
1485,1612,0.9399915027919316
1485,1634,0.9378343769350121
1485,1646,0.933999386870253
1485,1649,0.9047616214151719
1485,1656,0.9414067152349743
1489,1512,0.9580528491275905
1489,1522,0.9507947645484703
1489,1525,0.9453598198503376
1489,1526,0.9371870287518811
1489,1527,0.9108203486066796
1489,1546,0.9282542797309573
1489,1558,0.9345454408042895
1489,1573,0.9737746934099372
1489,1585,0.9267383550463991
1489,1611,0.944233730360076
1489,1612,0.9593640972320504
1489,1634,0.9545579047285597
1489,1646,0.9365004706760336
1489,1649,0.9113358224066027
1489,1656,0.9476584039163081
1489,1658,0.9557200334578209
1503,1511,0.9360930541088501
1504,1583,0.9463377645394205
1512,1522,0.9511049343256287
1512,1525,0.9585987438914656
1512,1526,0.911234994022342
1512,1558,0.9278821734160342
1512,1573,0.9621968852053255
1512,1585,0.9129382025785576
1512,1611,0.9303957124433465
1512,1612,0.9454902889730442
1512,1634,0.9418269863419009
1512,1646,0.9069786533039018
1512,1656,0.9322755522738762
1512,1658,0.9001551884069366
1516,1592,0.9158812696593701
1516,1605,0.910364218664732
1516,1621,0.9063992293238867
1516,1639,0.9037146593404676
1516,1679,0.9085932166531758
1521,1682,0.9177604381889112
1522,1525,0.95468083244883
1522,1526,0.9404867041868334
1522,1527,0.9188398062604879
1522,1546,0.9243702238741576
1522,1558,0.9632071632688731
1522,1573,0.9738529113743156
1522,1585,0.9298012552476953
1522,1611,0.9492169537384118
1522,1612,0.9699979529606123
1522,1634,0.9655211055233911
1522,1646,0.9420162869536906
1522,1649,0.9322947812642998
1522,1656,0.9630974034109275
1522,1658,0.9282105340626203
1525,1526,0.9216002087123695
1525,1527,0.9114023371659208
1525,1546,0.9250574021645991
1525,1558,0.9443250874465585
1525,1573,0.9537461358039158
1525,1585,0.9106413962452773
1525,1611,0.9547322250616548
1525,1612,0.9424459927175663
1525,1634,0.9615818152512002
1525,1646,0.920865817635984
1525,1649,0.9199770474429652
1525,1656,0.9516558707169412
1526,1527,0.9263760067346741
1526,1546,0.9071949525715307
1526,1558,0.923312132458782
1526,1573,0.9513596419049882
1526,1585,0.9228143235559773
1526,1611,0.9427757873152663
1526,1612,0.9405493568885023
1526,1634,0.9578003000986848
1526,1646,0.9218552847652285
1526,1649,0.9574625844382931
1526,1656,0.9441312194556593
1526,1658,0.918126579338099
1527,1573,0.9257881104162072
1527,1585,0.9505781989870103
1527,1611,0.9379618309425594
1527,1612,0.9320961302968505
1527,1634,0.9255171274278265
1527,1646,0.9105918803972569
1527,1656,0.9263085309511645
1530,1626,0.9760309089285507
1530,1653,0.9684850679857097
1530,1663,0.9715729092680502
1530,1665,0.9404894116402962
1530,1666,0.9681649910102492
1546,1558,0.92555339068321
1546,1573,0.9299447260421054
1546,1611,0.9319822622611769
1546,1612,0.9172499934668936
1546,1634,0.9713809347357307
1546,1646,0.9114091016289422
1546,1656,0.9351918372639569
1546,1658,0.9157024362278577
1553,1639,0.9182719707658683
1553,1669,0.9093211661578553
1555,1627,0.9174293171157537
1558,1573,0.9490073344885205
1558,1585,0.9277964169078635
1558,1611,0.9488298375936792
1558,1612,0.9499432507825085
1558,1634,0.9578416546397392
1558,1646,0.9099708650228011
1558,1649,0.9205466070001155
1558,1656,0.9249582754204225
1558,1658,0.919900608336579
1566,1631,0.916375127562079
1566,1682,0.9306685291619011
1568,1588,0.9025187488110843
1572,1682,0.9002064676493917
1573,1585,0.9443776645935555
1573,1611,0.9543033751296621
1573,1612,0.9663242543007954
1573,1634,0.9656643336128634
1573,1646,0.9497234559127115
1573,1649,0.9305027023243997
1573,1656,0.9687604176022361
1573,1658,0.9656721027676785
1585,1611,0.9312190803131991
1585,1612,0.9346446892265815
1585,1634,0.9295870890280137
1585,1646,0.9331458896312528
1585,1656,0.9130261904959104
1585,1658,0.9097658598969336
1592,1621,0.9127761290040255
1605,1607,0.9167222386709971
1605,1639,0.9217497335639295
1607,1621,0.9103758580805712
1607,1631,0.9041654382407456
1607,1639,0.9029426224508943
1607,1679,0.9276974470761652
1607,1682,0.9039273806387494
1611,1612,0.9653805407761451
1611,1634,0.9580632214408096
1611,1646,0.9360912283569861
1611,1649,0.9192743595400465
1611,1656,0.9653617315520102
1611,1658,0.9186432761731309
1612,1634,0.9497724529304066
1612,1646,0.9381379241826324
1612,1649,0.9048295690084552
1612,1656,0.9615991030505416
1612,1658,0.9307889834477038
1613,1635,0.9390881008287131
1618,1662,0.9000085569775808
1621,1631,0.9040982386990895
1621,1637,0.9095297159605464
1621,1639,0.9020086843555292
1621,1667,0.918906630968369
1621,1669,0.9072032635261787
1621,1680,0.9089298542440293
1621,1682,0.9159774864542564
1626,1653,0.9723134609104853
1626,1663,0.976896034748551
1626,1665,0.9533886313627271
1626,1666,0.97501228549854
1631,1637,0.908735578165124
1631,1639,0.9087539066823916
1631,1680,0.9049795079905414
1631,1682,0.9233826040047461
1634,1646,0.9331356046649064
1634,1649,0.9272414118955672
1634,1656,0.9616509840557352
1634,1658,0.9277128933088714
1635,1662,0.9111700393835681
1635,1670,0.9179972124356465
1639,1682,0.9075742752984292
1646,1649,0.9056033604533643
1646,1656,0.9445377998079648
1646,1658,0.9208399978561568
1649,1656,0.9171329459736033
1653,1663,0.9674945747980178
1653,1665,0.9725431250612018
1653,1666,0.9796212003544805
1656,1658,0.9257431072783981
1663,1665,0.9508111040815302
1663,1666,0.9796177937146733
1665,1666,0.9669627660126499
1667,1680,0.9226835675472659
1675,1682,0.917462991203033
